School_id,School_name,Country_id,Country_name,State_id,State_name,City_id,City_name,District_id,District_name,District_region_id,_District_region_name,Area_id,Area_name,Pincode
1838,Saraswati vidya niketan,1,India,1,Delhi,1,Delhi,1,North Delhi,31,Wazirabad,,,110084
1833,Aadharshila Vidyapeeth,1,India,1,Delhi,1,Delhi,9,North West Delhi,820,Pitampura,,,110034
1745,St. Xavier Sr secondary school,1,India,1,Delhi,1,Delhi,9,North West Delhi,782,kalyan vihar,,,110007
1716,"JOSEPH AND MARY PUBLIC SCHOOL, Burari",1,India,1,Delhi,1,Delhi,1,North Delhi,4,Burari,,,110084
1687,"GD Goenka Public School,Model Town",1,India,1,Delhi,1,Delhi,9,North West Delhi,802,Model Town III,,,110009
520,Joseph And Mary Public School,1,India,1,Delhi,1,Delhi,1,North Delhi,4,Burari,,,110084
519,St. John's Convent School,1,India,1,Delhi,1,Delhi,1,North Delhi,4,Burari,,,110084
518,D.K. Convent School,1,India,1,Delhi,1,Delhi,1,North Delhi,4,Burari,,,110084
517,Oscar Public School,1,India,1,Delhi,1,Delhi,1,North Delhi,4,Burari,,,110084
516,Rukmani Devi Jaipuria Public School,1,India,1,Delhi,1,Delhi,1,North Delhi,8,Civil Lines,,,110054
515,Anubhav Public School,1,India,1,Delhi,1,Delhi,1,North Delhi,4,Burari,,,110084
514,St. Mother Teresa Public School,1,India,1,Delhi,1,Delhi,1,North Delhi,4,Burari,,,110084
513,Murti Devi Public School,1,India,1,Delhi,1,Delhi,1,North Delhi,4,Burari,,,110084
512,Mount Olivet Senior Secondary School,1,India,1,Delhi,1,Delhi,1,North Delhi,4,Burari,,,110084
511,Little Star Convent School,1,India,1,Delhi,1,Delhi,1,North Delhi,4,Burari,,,110084
510,Manava Bhawna Public School,1,India,1,Delhi,1,Delhi,1,North Delhi,4,Burari,,,110084
509,Bud's Paradise School,1,India,1,Delhi,1,Delhi,1,North Delhi,4,Burari,,,110084
508,Rani Public School,1,India,1,Delhi,1,Delhi,1,North Delhi,4,Burari,,,110084
507,Virendra Public School,1,India,1,Delhi,1,Delhi,1,North Delhi,30,Timarpur,,,110054
506,Presentation Convent Senior Secondary School,1,India,1,Delhi,1,Delhi,1,North Delhi,6,Chandni Chowk,,,110006
505,Savita Public School,1,India,1,Delhi,1,Delhi,1,North Delhi,31,Wazirabad,,,110084
504,D.V.S. Public School,1,India,1,Delhi,1,Delhi,1,North Delhi,4,Burari,,,110084
503,Apex Public School,1,India,1,Delhi,1,Delhi,1,North Delhi,4,Burari,,,110084
502,Baankura Public School,1,India,1,Delhi,1,Delhi,1,North Delhi,4,Burari,,,110084
501,Rama Public School,1,India,1,Delhi,1,Delhi,1,North Delhi,31,Wazirabad,,,110084
500,Nalanda Modern Public School,1,India,1,Delhi,1,Delhi,1,North Delhi,4,Burari,,,110084
499,Jesus Grace Modern School,1,India,1,Delhi,1,Delhi,1,North Delhi,4,Burari,,,110084
498,Lilawati Vidya Mandir Senior Secondary School,1,India,1,Delhi,1,Delhi,1,North Delhi,29,Shakti Nagar,,,110007
497,Virmani Public School,1,India,1,Delhi,1,Delhi,1,North Delhi,26,Roop Nagar,,,110007
496,St. Xavier's Senior Secondary School,1,India,1,Delhi,1,Delhi,1,North Delhi,8,Civil Lines,,,110054
326,"Mother's Mount, Meera Enclave",1,India,1,Delhi,1,Delhi,7,West Delhi,612,Chaukhandi,,,110018
291,"Guru Tegh Bahadur Public School, Model Town",1,India,1,Delhi,1,Delhi,9,North West Delhi,802,Model Town III,,,110009
418,Scholars' Home,1,India,2,UttarPradesh,2,Lucknow,2,Lucknow,135,Gomtinagar,,,226010
320,Play Way Academy,1,India,2,UttarPradesh,2,Lucknow,2,Lucknow,135,Gomtinagar,,,226010
306,J.P. Convent High School,1,India,2,UttarPradesh,2,Lucknow,2,Lucknow,167,Jankipuram,,,226021
301,"City International School, Abhishekpuram",1,India,2,UttarPradesh,2,Lucknow,2,Lucknow,153,Indira Nagar,,,226016
300,Capital Convent School,1,India,2,UttarPradesh,2,Lucknow,2,Lucknow,167,Jankipuram,,,226021
299,Shanti Juniors Gomti Nagar,1,India,2,UttarPradesh,2,Lucknow,2,Lucknow,135,Gomtinagar,,,226010
298,National Children Academy,1,India,2,UttarPradesh,2,Lucknow,2,Lucknow,44,Aliganj,,,226024
296,Little Champs Pre School,1,India,2,UttarPradesh,2,Lucknow,2,Lucknow,312,Vikas Nagar,,,226022
277,Real Roots Academy,1,India,2,UttarPradesh,2,Lucknow,2,Lucknow,175,Kalyanpur,,,226022
276,Maharaja Agrasen Public School,1,India,2,UttarPradesh,2,Lucknow,2,Lucknow,166,Jankipuram Extension,,,226031
273,"Sanfort Play School, Vishalkhand",1,India,2,UttarPradesh,2,Lucknow,2,Lucknow,135,Gomtinagar,,,226010
1835,Dr Radhakrishnan International School,1,India,1,Delhi,1,Delhi,8,South Delhi,687,Defence Colony (South Delhi),,,110024
1829,Leena sethi,1,India,1,Delhi,1,Delhi,3,Central Delhi,356,Patel Nagar (Central Delhi),,,110008
1828,P.P.D.A.V.Public school,1,India,1,Delhi,1,Delhi,3,Central Delhi,344,Karol Bagh,,,110005
1798,Modern school,1,India,1,Delhi,1,Delhi,3,Central Delhi,357,Patel Nagar south,,,110008
1648,Salwan Boys Sr. Secondary School,1,India,1,Delhi,1,Delhi,3,Central Delhi,362,Rajender Nagar,,,110060
1647,Navy Childrens School,1,India,1,Delhi,1,Delhi,17,South West Delhi,3213,Chanakya Puri,,,110021
1646,Modern Cambridge School,1,India,1,Delhi,1,Delhi,3,Central Delhi,344,Karol Bagh,,,110005
1642,Convent of Jesus and Mary School,1,India,1,Delhi,1,Delhi,3,Central Delhi,327,Connaught Place,,,110001
1641,"Carmel Convent School, Chanakyapuri",1,India,1,Delhi,1,Delhi,17,South West Delhi,3213,Chanakya Puri,,,110021
1640,The British School,1,India,1,Delhi,1,Delhi,17,South West Delhi,3213,Chanakya Puri,,,110021
1638,St. John School,1,India,1,Delhi,1,Delhi,18,Shahdara,3340,Shahdara,,,110032
679,Shri Guru Ram Rai Saraswati Shishu Mandir,1,India,1,Delhi,1,Delhi,3,Central Delhi,353,Pahar Ganj,,,110055
678,Anglo Arabic Model School,1,India,1,Delhi,1,Delhi,3,Central Delhi,320,Ajmeri Gate,,,110006
677,Bhai Joga Singh Public School,1,India,1,Delhi,1,Delhi,3,Central Delhi,344,Karol Bagh,,,110005
676,Shakti Mandir Premwati Public School,1,India,1,Delhi,1,Delhi,3,Central Delhi,330,Darya Ganj,,,110002
675,"Guru Harkrishan Public School, Karol Bagh",1,India,1,Delhi,1,Delhi,3,Central Delhi,344,Karol Bagh,,,110005
674,C.L. Bhalla Dayanand Model School,1,India,1,Delhi,1,Delhi,3,Central Delhi,344,Karol Bagh,,,110005
673,"Saraswati Bal Mandir Secondary School, Pahar Ganj",1,India,1,Delhi,1,Delhi,3,Central Delhi,353,Pahar Ganj,,,110055
672,Crescent School,1,India,1,Delhi,1,Delhi,3,Central Delhi,330,Darya Ganj,,,110002
671,Saraswati Vidyalaya,1,India,1,Delhi,1,Delhi,3,Central Delhi,330,Darya Ganj,,,110002
670,Vardhaman Shiksha Mandir,1,India,1,Delhi,1,Delhi,3,Central Delhi,330,Darya Ganj,,,110002
668,Happy School,1,India,1,Delhi,1,Delhi,3,Central Delhi,330,Darya Ganj,,,110002
667,Gyan Devi Salwan Public School,1,India,1,Delhi,1,Delhi,3,Central Delhi,362,Rajender Nagar,,,110060
665,J.D. Tytler School,1,India,1,Delhi,1,Delhi,3,Central Delhi,362,Rajender Nagar,,,110060
664,Manav Sthali School,1,India,1,Delhi,1,Delhi,3,Central Delhi,362,Rajender Nagar,,,110060
663,Ramjas Public School,1,India,1,Delhi,1,Delhi,3,Central Delhi,321,Anand Parbat,,,110005
662,"Salwan Public School, Rajender Nagar",1,India,1,Delhi,1,Delhi,3,Central Delhi,362,Rajender Nagar,,,110060
660,"Bal Bharati Public School, Rajender Nagar",1,India,1,Delhi,1,Delhi,3,Central Delhi,362,Rajender Nagar,,,110060
1580,"Bodhi Taru International School, Greater Noida",1,India,2,UttarPradesh,3,Greater Noida,4,Greater Noida,423,Knowledge Park I,,,201308
1560,Learners International School,1,India,2,UttarPradesh,3,Greater Noida,4,Greater Noida,425,Knowledge Park III,,,201310
1345,Savitri Bai Phule Balika Inter College,1,India,2,UttarPradesh,3,Greater Noida,4,Greater Noida,421,Kasna,,,201310
1344,Sahil Public School,1,India,2,UttarPradesh,3,Greater Noida,4,Greater Noida,427,Knowledge Park V,,,203207
1339,Gautam Budh Balak Inter College,1,India,2,UttarPradesh,3,Greater Noida,4,Greater Noida,427,Knowledge Park V,,,201308
1338,Rao Kasal Public School,1,India,2,UttarPradesh,3,Greater Noida,4,Greater Noida,421,Kasna,,,201310
1337,Dayanand Vidya Mandir,1,India,2,UttarPradesh,3,Greater Noida,4,Greater Noida,428,Kulesara,,,201306
1334,Grads International School,1,India,2,UttarPradesh,3,Greater Noida,4,Greater Noida,489,Sector ETA II,,,201310
1333,C.L.M Public School,1,India,2,UttarPradesh,3,Greater Noida,4,Greater Noida,423,Knowledge Park I,,,201306
1332,Hillwoods Academy Senior Secondary School,1,India,2,UttarPradesh,3,Greater Noida,4,Greater Noida,488,Sector ETA I,,,201310
1331,Darbari Lal Foundation World School,1,India,2,UttarPradesh,3,Greater Noida,4,Greater Noida,528,Zeta I,,,201308
1820,Avni,1,India,1,Delhi,1,Delhi,5,East Delhi,579,Shakarpur,,,110092
1810,Hillwoods academy,1,India,1,Delhi,1,Delhi,5,East Delhi,572,Preet Vihar,,,110092
1804,Sunita Singh,1,India,1,Delhi,1,Delhi,5,East Delhi,560,Mandawali,,,110092
1799,Mother Mary's School,1,India,1,Delhi,1,Delhi,5,East Delhi,560,Mandawali,,,110092
1785,Ahlcon international school,1,India,1,Delhi,1,Delhi,5,East Delhi,589,Vivek Vihar,,,110095
1741,SALWAN PUBLIC SCHOOL MAYUR VIHAR PH 3,1,India,1,Delhi,1,Delhi,5,East Delhi,563,Mayur Vihar Phase - 3,,,110096
1734,SRRJM Green Fields Public School,1,India,1,Delhi,1,Delhi,18,Shahdara,3355,Maujpur,,,110053
1731,"Vidya Bal Bhawan Public School, New Ashok Nagar",1,India,1,Delhi,1,Delhi,5,East Delhi,564,New Ashok Nagar,,,110096
1719,ASN International School,1,India,1,Delhi,1,Delhi,5,East Delhi,562,Mayur Vihar Phase - 1,,,110091
1718,"Vivekanand School,Preet Vihar",1,India,1,Delhi,1,Delhi,5,East Delhi,572,Preet Vihar,,,110092
1713,Yoga Way Public School,1,India,1,Delhi,1,Delhi,5,East Delhi,577,Shahdara,,,110032
1694,S.L.S DAV Public School,1,India,1,Delhi,1,Delhi,5,East Delhi,556,Krishna Nagar,,,110051
1693,"Happy English School, Anand Vihar",1,India,1,Delhi,1,Delhi,5,East Delhi,531,Anand Vihar,,,110092
1656,Vidya Bal Bhawan Sr Sec School-Mayur Vihar,1,India,1,Delhi,1,Delhi,5,East Delhi,563,Mayur Vihar Phase - 3,,,110096
1654,"Vidya Bal Bhawan School, Shakarpur",1,India,1,Delhi,1,Delhi,5,East Delhi,579,Shakarpur,,,110092
1653,"Vidya Bal Bhavan Public School, Shakarpur",1,India,1,Delhi,1,Delhi,5,East Delhi,579,Shakarpur,,,110092
1579,Lovely Public English School,1,India,1,Delhi,1,Delhi,5,East Delhi,593,Yojana Vihar,,,110092
1578,Greenfields Public School,1,India,1,Delhi,1,Delhi,5,East Delhi,589,Vivek Vihar,,,110095
1576,Lovely Public International School,1,India,1,Delhi,1,Delhi,5,East Delhi,556,Krishna Nagar,,,110051
1556,Rosemary Public School,1,India,1,Delhi,1,Delhi,5,East Delhi,539,Dilshad Garden,,,110095
1554,"Siddharth International Public School, Dilshad Garden",1,India,1,Delhi,1,Delhi,5,East Delhi,539,Dilshad Garden,,,110095
1553,Kala Niketan Sr. Sec. Bal Vidyalaya,1,India,1,Delhi,1,Delhi,18,Shahdara,3346,DurgapuriExtension,,,110093
1121,Keshav Vidya Mandir Model School,1,India,1,Delhi,1,Delhi,5,East Delhi,560,Mandawali,,,110092
1119,Vardhman Shiksha Niketan,1,India,1,Delhi,1,Delhi,5,East Delhi,557,Laxmi Nagar (Delhi),,,110092
1116,Preet Public Senior Secondary School,1,India,1,Delhi,1,Delhi,5,East Delhi,572,Preet Vihar,,,110092
1115,Mother Convent School,1,India,1,Delhi,1,Delhi,5,East Delhi,560,Mandawali,,,110092
1114,"Delhi Convent School, Pandav Nagar",1,India,1,Delhi,1,Delhi,5,East Delhi,570,Pandav Nagar,,,110092
1112,Florence Public School,1,India,1,Delhi,1,Delhi,5,East Delhi,562,Mayur Vihar Phase - 1,,,110091
1111,Cosmos Public School,1,India,1,Delhi,1,Delhi,5,East Delhi,587,Vasundhara Enclave,,,110096
1110,S.N. Modern School,1,India,1,Delhi,1,Delhi,5,East Delhi,564,New Ashok Nagar,,,110096
1108,Central Public School,1,India,1,Delhi,1,Delhi,5,East Delhi,579,Shakarpur,,,110092
1107,Kala Niketan international School,1,India,1,Delhi,1,Delhi,5,East Delhi,544,Gazipur,,,110096
1106,Dayanand Model School,1,India,1,Delhi,1,Delhi,5,East Delhi,589,Vivek Vihar,,,110095
1105,Biglow's Public School,1,India,1,Delhi,1,Delhi,5,East Delhi,556,Krishna Nagar,,,110051
1104,Lav Kush Public School,1,India,1,Delhi,1,Delhi,5,East Delhi,563,Mayur Vihar Phase - 3,,,110096
1103,Nutan Vidya Mandir School,1,India,1,Delhi,1,Delhi,5,East Delhi,531,Anand Vihar,,,110092
1102,"Vanasthali Public School, Mayur Vihar",1,India,1,Delhi,1,Delhi,5,East Delhi,563,Mayur Vihar Phase - 3,,,110096
1101,East Point School,1,India,1,Delhi,1,Delhi,5,East Delhi,587,Vasundhara Enclave,,,110096
1100,"Happy English School, Geeta Colony",1,India,1,Delhi,1,Delhi,5,East Delhi,545,Geeta Colony,,,110031
1099,Spring Bales Public Senior Secondary School,1,India,1,Delhi,1,Delhi,5,East Delhi,556,Krishna Nagar,,,110051
1098,Vidya Bal Bhawan Public School,1,India,1,Delhi,1,Delhi,5,East Delhi,579,Shakarpur,,,110092
1097,"Guru Harkrishan Public School, Anand Vihar",1,India,1,Delhi,1,Delhi,5,East Delhi,531,Anand Vihar,,,110092
1096,Dashmesh Public School,1,India,1,Delhi,1,Delhi,5,East Delhi,587,Vasundhara Enclave,,,110096
1095,"Vidya Bal Bhawan Senior Secondary School, Mayur Vihar",1,India,1,Delhi,1,Delhi,5,East Delhi,563,Mayur Vihar Phase - 3,,,110096
1094,"Aster Public School, Mayur Vihar",1,India,1,Delhi,1,Delhi,5,East Delhi,562,Mayur Vihar Phase - 1,,,110091
1093,AVB Public School,1,India,1,Delhi,1,Delhi,5,East Delhi,571,Patparganj (I.P.Extension),,,110092
1092,Adarsh Vidya Bhawan,1,India,1,Delhi,1,Delhi,5,East Delhi,571,Patparganj (I.P.Extension),,,110092
1091,Saai Memorial Girls School,1,India,1,Delhi,1,Delhi,5,East Delhi,545,Geeta Colony,,,110031
1090,"Modern Public School, Anand Vihar",1,India,1,Delhi,1,Delhi,5,East Delhi,531,Anand Vihar,,,110092
1087,"St. Mary's Senior Secondary School, Mayur Vihar",1,India,1,Delhi,1,Delhi,5,East Delhi,563,Mayur Vihar Phase - 3,,,110096
1086,"Ryan International School, Mayur Vihar",1,India,1,Delhi,1,Delhi,5,East Delhi,563,Mayur Vihar Phase - 3,,,110096
1085,National Victor Public School,1,India,1,Delhi,1,Delhi,5,East Delhi,571,Patparganj (I.P.Extension),,,110092
1084,Universal Public School,1,India,1,Delhi,1,Delhi,5,East Delhi,572,Preet Vihar,,,110092
1082,"Vivekanand Public School, Anand Vihar",1,India,1,Delhi,1,Delhi,5,East Delhi,531,Anand Vihar,,,110092
1081,Smt. Swarn Lata Sethi DAV Public School,1,India,1,Delhi,1,Delhi,5,East Delhi,556,Krishna Nagar,,,110051
1080,Bhai Parmanand Vidya Mandir,1,India,1,Delhi,1,Delhi,5,East Delhi,531,Anand Vihar,,,110092
1079,"Vivekanand International School, Patparganj",1,India,1,Delhi,1,Delhi,5,East Delhi,571,Patparganj (I.P.Extension),,,110092
1078,"Vivekanand School,Anand Vihar",1,India,1,Delhi,1,Delhi,5,East Delhi,531,Anand Vihar,,,110092
1077,"Bharti Public School, Mayur Vihar",1,India,1,Delhi,1,Delhi,5,East Delhi,563,Mayur Vihar Phase - 3,,,110096
1076,Shaheed Rajpal DAV Public School,1,India,1,Delhi,1,Delhi,5,East Delhi,531,Anand Vihar,,,110092
1075,ASN Senior Secondary School,1,India,1,Delhi,1,Delhi,5,East Delhi,562,Mayur Vihar Phase - 1,,,110091
1074,Mother Mary's School,1,India,1,Delhi,1,Delhi,5,East Delhi,562,Mayur Vihar Phase - 1,,,110091
1071,"Salwan Public School, Mayur Vihar",1,India,1,Delhi,1,Delhi,5,East Delhi,563,Mayur Vihar Phase - 3,,,110096
1070,"G.D. Goenka Public School, Anand Vihar",1,India,1,Delhi,1,Delhi,5,East Delhi,531,Anand Vihar,,,110092
1069,Somerville School,1,India,1,Delhi,1,Delhi,5,East Delhi,587,Vasundhara Enclave,,,110096
1068,"DAV Public School, Anand Vihar",1,India,1,Delhi,1,Delhi,5,East Delhi,531,Anand Vihar,,,110092
1067,Mother's Global School,1,India,1,Delhi,1,Delhi,5,East Delhi,572,Preet Vihar,,,110092
1066,Ahlcon Public School,1,India,1,Delhi,1,Delhi,5,East Delhi,562,Mayur Vihar Phase - 1,,,110091
1065,"Amity International School, Mayur Vihar",1,India,1,Delhi,1,Delhi,5,East Delhi,562,Mayur Vihar Phase - 1,,,110091
1064,Hillwoods Academy,1,India,1,Delhi,1,Delhi,5,East Delhi,572,Preet Vihar,,,110092
1063,Ahlcon International School,1,India,1,Delhi,1,Delhi,5,East Delhi,562,Mayur Vihar Phase - 1,,,110091
1030,Vatsalya nigam,1,India,1,Delhi,1,Delhi,5,East Delhi,556,Krishna Nagar,,,110051
422,"Mayo International School, Patparganj",1,India,1,Delhi,1,Delhi,5,East Delhi,571,Patparganj (I.P.Extension),,,110092
381,Meraj international school,1,India,1,Delhi,1,Delhi,5,East Delhi,556,Krishna Nagar,,,110051
334,"Rajdhani Public School, Mayur Vihar",1,India,1,Delhi,1,Delhi,5,East Delhi,563,Mayur Vihar Phase - 3,,,110096
329,Arwachin International School,1,India,1,Delhi,1,Delhi,5,East Delhi,539,Dilshad Garden,,,110095
323,Mother's Heritage School,1,India,1,Delhi,1,Delhi,5,East Delhi,556,Krishna Nagar,,,110051
321,"New oxford Public School, East Delhi",1,India,1,Delhi,1,Delhi,5,East Delhi,572,Preet Vihar,,,110092
317,Rishabh Public School,1,India,1,Delhi,1,Delhi,5,East Delhi,562,Mayur Vihar Phase - 1,,,110091
315,"RPM Lovely Public Sr. Sec. School, New Layalpur",1,India,1,Delhi,1,Delhi,5,East Delhi,556,Krishna Nagar,,,110051
314,Dream weavers,1,India,1,Delhi,1,Delhi,5,East Delhi,545,Geeta Colony,,,110031
308,Plato Public School,1,India,1,Delhi,1,Delhi,5,East Delhi,571,Patparganj (I.P.Extension),,,110092
307,St. Andrews Scots Sr. Sec. School,1,India,1,Delhi,1,Delhi,5,East Delhi,571,Patparganj (I.P.Extension),,,110092
297,Arwachin Bharti Bhawan Sr. Sec. School,1,India,1,Delhi,1,Delhi,5,East Delhi,589,Vivek Vihar,,,110095
290,Evergreen Public School,1,India,1,Delhi,1,Delhi,5,East Delhi,587,Vasundhara Enclave,,,110096
287,Lovely Playway School,1,India,1,Delhi,1,Delhi,5,East Delhi,568,Nirman Vihar,,,110092
285,M. P. Middle School,1,India,1,Delhi,1,Delhi,5,East Delhi,587,Vasundhara Enclave,,,110096
283,St. Lawrence Public Sr. Sec. School,1,India,1,Delhi,1,Delhi,5,East Delhi,539,Dilshad Garden,,,110095
280,Mayur Public School,1,India,1,Delhi,1,Delhi,5,East Delhi,571,Patparganj (I.P.Extension),,,110092
278,"Angels Public Sr. Sec. School,Vishwas Nagar",1,India,1,Delhi,1,Delhi,5,East Delhi,588,Vishwas Nagar,,,110032
272,St. Krishna Bodh Public School,1,India,1,Delhi,1,Delhi,18,Shahdara,3347,JyotiNagar,,,110093
270,The Baptist Convent Sr. Sec School,1,India,1,Delhi,1,Delhi,5,East Delhi,571,Patparganj (I.P.Extension),,,110092
269,Queen Global International School,1,India,1,Delhi,1,Delhi,5,East Delhi,539,Dilshad Garden,,,110095
266,"New Oxford Public School, Vivek Vihar",1,India,1,Delhi,1,Delhi,5,East Delhi,589,Vivek Vihar,,,110095
262,"Angels Public School, Vasundhra Enclave",1,India,1,Delhi,1,Delhi,5,East Delhi,587,Vasundhara Enclave,,,110096
261,"Lovely Public School, Geeta Colony",1,India,1,Delhi,1,Delhi,5,East Delhi,545,Geeta Colony,,,110031
1825,Daisy Dales International School,1,India,1,Delhi,1,Delhi,7,West Delhi,667,Vikas Puri,,,110018
1824,Daisy Dales International School,1,India,1,Delhi,1,Delhi,7,West Delhi,667,Vikas Puri,,,110018
1814,Payal,1,India,1,Delhi,1,Delhi,7,West Delhi,666,Uttam Nagar,,,110059
1808,Sarvodaya Kanya Vidyalaya No 1,1,India,1,Delhi,1,Delhi,7,West Delhi,644,Nangloi,,,110041
1807,"Delhi Public School, Dwarka",1,India,1,Delhi,1,Delhi,17,South West Delhi,3232,Dwarka,24,Dwarka Sector 3,110078
1806,Dolphi gaba,1,India,1,Delhi,1,Delhi,7,West Delhi,666,Uttam Nagar,,,110059
1744,Bindu Batra's Mothers' Mount School,1,India,1,Delhi,1,Delhi,7,West Delhi,652,Punjabi Bagh,,,110026
1743,Oxford,1,India,1,Delhi,1,Delhi,17,South West Delhi,3221,Dabri,,,110046
1720,Natkhat,1,India,1,Delhi,1,Delhi,17,South West Delhi,3278,Najafgarh,,,110043
1709,"Inspire, Paschim Vihar",1,India,1,Delhi,1,Delhi,7,West Delhi,649,Paschim Vihar,,,110063
1708,"Inspire, Sunder Vihar",1,India,1,Delhi,1,Delhi,7,West Delhi,649,Paschim Vihar,,,110063
1677,Nirmal Bharti School,1,India,1,Delhi,1,Delhi,17,South West Delhi,3232,Dwarka,9,Dwarka Sector 14,110078
1676,"N.K. Bagrodia Public School, Dwarka",1,India,1,Delhi,1,Delhi,17,South West Delhi,3232,Dwarka,25,Dwarka Sector 4,110075
1675,"Mount Carmel School, Dwarka",1,India,1,Delhi,1,Delhi,17,South West Delhi,3232,Dwarka,16,Dwarka Sector 22,110077
1670,"K.R. Mangalam World School, Vikaspuri",1,India,1,Delhi,1,Delhi,7,West Delhi,667,Vikas Puri,,,110018
1669,"JM International School, Dwarka",1,India,1,Delhi,1,Delhi,17,South West Delhi,3232,Dwarka,6,Dwarka Sector 6,110075
1667,"Hansraj Model School, Punjabi Bagh",1,India,1,Delhi,1,Delhi,7,West Delhi,652,Punjabi Bagh,,,110026
1666,"Ganga International School, Hiran Kudna",1,India,1,Delhi,1,Delhi,7,West Delhi,623,Hirankudna,,,110041
1665,Bal Bhavan International School,1,India,1,Delhi,1,Delhi,17,South West Delhi,3232,Dwarka,7,Dwarka Sector 12,110078
1664,"Bal Bharati Public School,Dwarka",1,India,1,Delhi,1,Delhi,17,South West Delhi,3232,Dwarka,7,Dwarka Sector 12,110078
1661,The Indian Heights School,1,India,1,Delhi,1,Delhi,17,South West Delhi,3232,Dwarka,17,Dwarka Sector 23,110075
1660,"St. Mark's Sr Sec. Public School, Paschim Vihar",1,India,1,Delhi,1,Delhi,7,West Delhi,650,Paschim Vihar B Block,,,110087
1658,Sri Venkateshwar International School,1,India,1,Delhi,1,Delhi,17,South West Delhi,3232,Dwarka,13,Dwarka Sector 18,110078
1625,Vagishwari World School,1,India,1,Delhi,1,Delhi,7,West Delhi,641,Matiala,,,110059
1573,SKR Sr Sec Public School,1,India,1,Delhi,1,Delhi,3,Central Delhi,340,Inderpuri,,,110012
1561,khemo devi public school,1,India,1,Delhi,1,Delhi,9,North West Delhi,811,Narela,,,110040
1353,"Delhi International School, Dwarka",1,India,1,Delhi,1,Delhi,17,South West Delhi,3232,Dwarka,16,Dwarka Sector 22,110077
1351,"Prudence Schools, Dwarka",1,India,1,Delhi,1,Delhi,17,South West Delhi,3232,Dwarka,16,Dwarka Sector 22,110077
783,Sanjeevani Public School,1,India,1,Delhi,1,Delhi,7,West Delhi,666,Uttam Nagar,,,110059
782,M.R. Vivekananda Public School,1,India,1,Delhi,1,Delhi,7,West Delhi,667,Vikas Puri,,,110018
781,G.D. Lancer's Public School,1,India,1,Delhi,1,Delhi,7,West Delhi,666,Uttam Nagar,,,110059
780,D.S. Memorial Public Senior Secondary School,1,India,1,Delhi,1,Delhi,7,West Delhi,644,Nangloi,,,110041
779,Nathu Ram Convent Senior Secondary School,1,India,1,Delhi,1,Delhi,7,West Delhi,644,Nangloi,,,110041
777,Gurusharan Convent School,1,India,1,Delhi,1,Delhi,7,West Delhi,650,Paschim Vihar B Block,,,110087
776,New Saraswati Public School,1,India,1,Delhi,1,Delhi,7,West Delhi,644,Nangloi,,,110041
775,Maharishi Dayanand Model School,1,India,1,Delhi,1,Delhi,7,West Delhi,644,Nangloi,,,110041
773,Parag Bharati Model School,1,India,1,Delhi,1,Delhi,7,West Delhi,644,Nangloi,,,110041
772,DR. S.R.S Mission School,1,India,1,Delhi,1,Delhi,7,West Delhi,626,Janakpuri B-1,,,110058
771,R.S. Secondary Public School,1,India,1,Delhi,1,Delhi,7,West Delhi,644,Nangloi,,,110041
770,Shivani Public Senior Secondary School,1,India,1,Delhi,1,Delhi,7,West Delhi,644,Nangloi,,,110041
768,Deepanshu Public School,1,India,1,Delhi,1,Delhi,7,West Delhi,644,Nangloi,,,110041
767,Muni International School,1,India,1,Delhi,1,Delhi,7,West Delhi,666,Uttam Nagar,,,110059
766,R.P. Memorial Senior Secondary Public School,1,India,1,Delhi,1,Delhi,7,West Delhi,666,Uttam Nagar,,,110059
765,"Saraswati Bal Mandir, Paschim Vihar",1,India,1,Delhi,1,Delhi,7,West Delhi,649,Paschim Vihar,,,110063
764,Guru Amar Das Public School,1,India,1,Delhi,1,Delhi,7,West Delhi,664,Tilak Nagar (West Delhi),,,110018
763,Shri Vishwakarma Model School,1,India,1,Delhi,1,Delhi,7,West Delhi,644,Nangloi,,,110041
762,Arya Public Secondary School,1,India,1,Delhi,1,Delhi,7,West Delhi,644,Nangloi,,,110041
761,Divine Happy Senior Secondary School,1,India,1,Delhi,1,Delhi,7,West Delhi,649,Paschim Vihar,,,110063
760,Holy Kids Play School,1,India,1,Delhi,1,Delhi,7,West Delhi,666,Uttam Nagar,,,110059
759,"Kamal Public Senior Secondary School, Vikaspuri",1,India,1,Delhi,1,Delhi,7,West Delhi,667,Vikas Puri,,,110018
758,B.R. Public School,1,India,1,Delhi,1,Delhi,7,West Delhi,644,Nangloi,,,110041
755,Shri Daulat Ram Public Senior Secondary School,1,India,1,Delhi,1,Delhi,7,West Delhi,644,Nangloi,,,110041
753,Capital Model School,1,India,1,Delhi,1,Delhi,7,West Delhi,664,Tilak Nagar (West Delhi),,,110018
752,Nirvan Roopam Modern School,1,India,1,Delhi,1,Delhi,7,West Delhi,666,Uttam Nagar,,,110059
751,Vasundhara Public School,1,India,1,Delhi,1,Delhi,7,West Delhi,666,Uttam Nagar,,,110059
750,Angel Public School,1,India,1,Delhi,1,Delhi,7,West Delhi,666,Uttam Nagar,,,110059
749,Red Rose Model School,1,India,1,Delhi,1,Delhi,7,West Delhi,666,Uttam Nagar,,,110059
748,West Point Model School,1,India,1,Delhi,1,Delhi,7,West Delhi,666,Uttam Nagar,,,110059
746,Harry Model School,1,India,1,Delhi,1,Delhi,7,West Delhi,666,Uttam Nagar,,,110059
745,S.G.N Public School,1,India,1,Delhi,1,Delhi,7,West Delhi,644,Nangloi,,,110041
744,Vidya Memorial Public School,1,India,1,Delhi,1,Delhi,7,West Delhi,666,Uttam Nagar,,,110059
743,Raghubir Singh Modern School,1,India,1,Delhi,1,Delhi,7,West Delhi,666,Uttam Nagar,,,110059
742,Maharishi Dayanand Public School,1,India,1,Delhi,1,Delhi,7,West Delhi,654,Rajouri Garden J-6,,,110027
741,Bal Vikas Public School,1,India,1,Delhi,1,Delhi,7,West Delhi,649,Paschim Vihar,,,110063
740,S.L. Suri DAV Public School,1,India,1,Delhi,1,Delhi,7,West Delhi,625,Janakpuri A-3,,,110058
739,Modern Child Public School,1,India,1,Delhi,1,Delhi,7,West Delhi,644,Nangloi,,,110041
738,Bhardwaj Model School,1,India,1,Delhi,1,Delhi,7,West Delhi,644,Nangloi,,,110041
737,C.R. Saini Public School,1,India,1,Delhi,1,Delhi,7,West Delhi,644,Nangloi,,,110041
736,Columbia Foundation Senior Secondary School,1,India,1,Delhi,1,Delhi,7,West Delhi,667,Vikas Puri,,,110018
735,Rajindra Public School,1,India,1,Delhi,1,Delhi,7,West Delhi,644,Nangloi,,,110041
734,Margshree School,1,India,1,Delhi,1,Delhi,7,West Delhi,644,Nangloi,,,110041
1625,Vagishwari World School,1,India,1,Delhi,1,Delhi,7,West Delhi,641,Matiala,,,110059
1573,SKR Sr Sec Public School,1,India,1,Delhi,1,Delhi,3,Central Delhi,340,Inderpuri,,,110012
1561,khemo devi public school,1,India,1,Delhi,1,Delhi,9,North West Delhi,811,Narela,,,110040
1353,"Delhi International School, Dwarka",1,India,1,Delhi,1,Delhi,17,South West Delhi,3232,Dwarka,16,Dwarka Sector 22,110077
1351,"Prudence Schools, Dwarka",1,India,1,Delhi,1,Delhi,17,South West Delhi,3232,Dwarka,16,Dwarka Sector 22,110077
783,Sanjeevani Public School,1,India,1,Delhi,1,Delhi,7,West Delhi,666,Uttam Nagar,,,110059
782,M.R. Vivekananda Public School,1,India,1,Delhi,1,Delhi,7,West Delhi,667,Vikas Puri,,,110018
781,G.D. Lancer's Public School,1,India,1,Delhi,1,Delhi,7,West Delhi,666,Uttam Nagar,,,110059
780,D.S. Memorial Public Senior Secondary School,1,India,1,Delhi,1,Delhi,7,West Delhi,644,Nangloi,,,110041
779,Nathu Ram Convent Senior Secondary School,1,India,1,Delhi,1,Delhi,7,West Delhi,644,Nangloi,,,110041
777,Gurusharan Convent School,1,India,1,Delhi,1,Delhi,7,West Delhi,650,Paschim Vihar B Block,,,110087
776,New Saraswati Public School,1,India,1,Delhi,1,Delhi,7,West Delhi,644,Nangloi,,,110041
775,Maharishi Dayanand Model School,1,India,1,Delhi,1,Delhi,7,West Delhi,644,Nangloi,,,110041
773,Parag Bharati Model School,1,India,1,Delhi,1,Delhi,7,West Delhi,644,Nangloi,,,110041
772,DR. S.R.S Mission School,1,India,1,Delhi,1,Delhi,7,West Delhi,626,Janakpuri B-1,,,110058
771,R.S. Secondary Public School,1,India,1,Delhi,1,Delhi,7,West Delhi,644,Nangloi,,,110041
770,Shivani Public Senior Secondary School,1,India,1,Delhi,1,Delhi,7,West Delhi,644,Nangloi,,,110041
768,Deepanshu Public School,1,India,1,Delhi,1,Delhi,7,West Delhi,644,Nangloi,,,110041
767,Muni International School,1,India,1,Delhi,1,Delhi,7,West Delhi,666,Uttam Nagar,,,110059
766,R.P. Memorial Senior Secondary Public School,1,India,1,Delhi,1,Delhi,7,West Delhi,666,Uttam Nagar,,,110059
765,"Saraswati Bal Mandir, Paschim Vihar",1,India,1,Delhi,1,Delhi,7,West Delhi,649,Paschim Vihar,,,110063
764,Guru Amar Das Public School,1,India,1,Delhi,1,Delhi,7,West Delhi,664,Tilak Nagar (West Delhi),,,110018
763,Shri Vishwakarma Model School,1,India,1,Delhi,1,Delhi,7,West Delhi,644,Nangloi,,,110041
762,Arya Public Secondary School,1,India,1,Delhi,1,Delhi,7,West Delhi,644,Nangloi,,,110041
761,Divine Happy Senior Secondary School,1,India,1,Delhi,1,Delhi,7,West Delhi,649,Paschim Vihar,,,110063
760,Holy Kids Play School,1,India,1,Delhi,1,Delhi,7,West Delhi,666,Uttam Nagar,,,110059
759,"Kamal Public Senior Secondary School, Vikaspuri",1,India,1,Delhi,1,Delhi,7,West Delhi,667,Vikas Puri,,,110018
758,B.R. Public School,1,India,1,Delhi,1,Delhi,7,West Delhi,644,Nangloi,,,110041
755,Shri Daulat Ram Public Senior Secondary School,1,India,1,Delhi,1,Delhi,7,West Delhi,644,Nangloi,,,110041
753,Capital Model School,1,India,1,Delhi,1,Delhi,7,West Delhi,664,Tilak Nagar (West Delhi),,,110018
752,Nirvan Roopam Modern School,1,India,1,Delhi,1,Delhi,7,West Delhi,666,Uttam Nagar,,,110059
751,Vasundhara Public School,1,India,1,Delhi,1,Delhi,7,West Delhi,666,Uttam Nagar,,,110059
750,Angel Public School,1,India,1,Delhi,1,Delhi,7,West Delhi,666,Uttam Nagar,,,110059
749,Red Rose Model School,1,India,1,Delhi,1,Delhi,7,West Delhi,666,Uttam Nagar,,,110059
748,West Point Model School,1,India,1,Delhi,1,Delhi,7,West Delhi,666,Uttam Nagar,,,110059
746,Harry Model School,1,India,1,Delhi,1,Delhi,7,West Delhi,666,Uttam Nagar,,,110059
745,S.G.N Public School,1,India,1,Delhi,1,Delhi,7,West Delhi,644,Nangloi,,,110041
744,Vidya Memorial Public School,1,India,1,Delhi,1,Delhi,7,West Delhi,666,Uttam Nagar,,,110059
743,Raghubir Singh Modern School,1,India,1,Delhi,1,Delhi,7,West Delhi,666,Uttam Nagar,,,110059
742,Maharishi Dayanand Public School,1,India,1,Delhi,1,Delhi,7,West Delhi,654,Rajouri Garden J-6,,,110027
741,Bal Vikas Public School,1,India,1,Delhi,1,Delhi,7,West Delhi,649,Paschim Vihar,,,110063
740,S.L. Suri DAV Public School,1,India,1,Delhi,1,Delhi,7,West Delhi,625,Janakpuri A-3,,,110058
739,Modern Child Public School,1,India,1,Delhi,1,Delhi,7,West Delhi,644,Nangloi,,,110041
738,Bhardwaj Model School,1,India,1,Delhi,1,Delhi,7,West Delhi,644,Nangloi,,,110041
737,C.R. Saini Public School,1,India,1,Delhi,1,Delhi,7,West Delhi,644,Nangloi,,,110041
736,Columbia Foundation Senior Secondary School,1,India,1,Delhi,1,Delhi,7,West Delhi,667,Vikas Puri,,,110018
735,Rajindra Public School,1,India,1,Delhi,1,Delhi,7,West Delhi,644,Nangloi,,,110041
734,Margshree School,1,India,1,Delhi,1,Delhi,7,West Delhi,644,Nangloi,,,110041
732,Neo Convent Senior Secondary School,1,India,1,Delhi,1,Delhi,7,West Delhi,649,Paschim Vihar,,,110063
731,Shadley Public School,1,India,1,Delhi,1,Delhi,7,West Delhi,654,Rajouri Garden J-6,,,110027
730,M.H.D.C Saraswati Bal Mandir Secondary School,1,India,1,Delhi,1,Delhi,7,West Delhi,626,Janakpuri B-1,,,110058
729,Mira Model School,1,India,1,Delhi,1,Delhi,7,West Delhi,626,Janakpuri B-1,,,110058
728,S. S. Mota Singh School,1,India,1,Delhi,1,Delhi,7,West Delhi,625,Janakpuri A-3,,,110058
727,Lt. Col. Mehar Little Angels Senior Secondary School,1,India,1,Delhi,1,Delhi,7,West Delhi,649,Paschim Vihar,,,110063
725,Mamta Modern Senior Secondary School,1,India,1,Delhi,1,Delhi,7,West Delhi,667,Vikas Puri,,,110018
723,Dharam Deep Secondary Public School,1,India,1,Delhi,1,Delhi,7,West Delhi,644,Nangloi,,,110041
722,Bhatnagar International School,1,India,1,Delhi,1,Delhi,7,West Delhi,650,Paschim Vihar B Block,,,110087
721,Kamal Model Senior Secondary School,1,India,1,Delhi,1,Delhi,7,West Delhi,666,Uttam Nagar,,,110059
720,St. Sophia Senior Secondary School,1,India,1,Delhi,1,Delhi,7,West Delhi,649,Paschim Vihar,,,110063
719,Happy Model School,1,India,1,Delhi,1,Delhi,7,West Delhi,626,Janakpuri B-1,,,110058
718,Veda Vyasa DAV Public School,1,India,1,Delhi,1,Delhi,7,West Delhi,667,Vikas Puri,,,110018
717,Brain International School,1,India,1,Delhi,1,Delhi,7,West Delhi,667,Vikas Puri,,,110018
716,Pusa Public School,1,India,1,Delhi,1,Delhi,7,West Delhi,667,Vikas Puri,,,110018
715,Shah International School,1,India,1,Delhi,1,Delhi,7,West Delhi,650,Paschim Vihar B Block,,,110087
714,Indira Ideal Senior Secondary School,1,India,1,Delhi,1,Delhi,7,West Delhi,627,Janakpuri C-4,,,110058
713,Modern Era Convent School,1,India,1,Delhi,1,Delhi,7,West Delhi,626,Janakpuri B-1,,,110058
712,Banasthali Public School,1,India,1,Delhi,1,Delhi,7,West Delhi,667,Vikas Puri,,,110018
711,James Convent School,1,India,1,Delhi,1,Delhi,7,West Delhi,644,Nangloi,,,110041
710,"Sant Nirankari Public School, Paschim Vihar",1,India,1,Delhi,1,Delhi,7,West Delhi,649,Paschim Vihar,,,110063
709,Ramakrishna Senior Secondary School,1,India,1,Delhi,1,Delhi,7,West Delhi,667,Vikas Puri,,,110018
708,"Saraswati Bal Mandir School, Rajouri Garden",1,India,1,Delhi,1,Delhi,7,West Delhi,654,Rajouri Garden J-6,,,110027
707,Rainbow English School,1,India,1,Delhi,1,Delhi,7,West Delhi,627,Janakpuri C-4,,,110058
706,St. Froebel Senior Secondary School,1,India,1,Delhi,1,Delhi,7,West Delhi,649,Paschim Vihar,,,110063
705,Oxford Senior Secondary School,1,India,1,Delhi,1,Delhi,7,West Delhi,667,Vikas Puri,,,110018
703,Sumermal Jain Public School,1,India,1,Delhi,1,Delhi,7,West Delhi,627,Janakpuri C-4,,,110058
702,Holy International Senior Secondary School,1,India,1,Delhi,1,Delhi,7,West Delhi,666,Uttam Nagar,,,110059
701,Vishal Bharti Public School,1,India,1,Delhi,1,Delhi,7,West Delhi,649,Paschim Vihar,,,110063
700,St. Mark's Girls Senior Secondary School,1,India,1,Delhi,1,Delhi,7,West Delhi,650,Paschim Vihar B Block,,,110087
699,M.R. Vivekananda Model School,1,India,1,Delhi,1,Delhi,7,West Delhi,664,Tilak Nagar (West Delhi),,,110018
698,St. Cecilia's Public School,1,India,1,Delhi,1,Delhi,7,West Delhi,667,Vikas Puri,,,110018
697,Doon Public School,1,India,1,Delhi,1,Delhi,7,West Delhi,649,Paschim Vihar,,,110063
696,"DAV Public School, Paschim Vihar",1,India,1,Delhi,1,Delhi,7,West Delhi,649,Paschim Vihar,,,110063
695,New Holy Public School,1,India,1,Delhi,1,Delhi,7,West Delhi,666,Uttam Nagar,,,110059
694,Bosco Senior Secondary Public School,1,India,1,Delhi,1,Delhi,7,West Delhi,661,Sunder Vihar,,,110087
693,New Delhi Public School,1,India,1,Delhi,1,Delhi,7,West Delhi,667,Vikas Puri,,,110018
692,Rich Harvest Public School,1,India,1,Delhi,1,Delhi,7,West Delhi,625,Janakpuri A-3,,,110058
691,The Lawrence Public School,1,India,1,Delhi,1,Delhi,7,West Delhi,627,Janakpuri C-4,,,110058
690,Cambridge Foundation School,1,India,1,Delhi,1,Delhi,7,West Delhi,654,Rajouri Garden J-6,,,110027
689,Indraprastha World School,1,India,1,Delhi,1,Delhi,7,West Delhi,649,Paschim Vihar,,,110063
688,"DAV Centenary Public School, Paschim Vihar",1,India,1,Delhi,1,Delhi,7,West Delhi,650,Paschim Vihar B Block,,,110087
687,"St. Mark's Senior Secondary Public School, Janakpuri",1,India,1,Delhi,1,Delhi,7,West Delhi,625,Janakpuri A-3,,,110058
686,Jesus Mary Joseph Senior Secondary School,1,India,1,Delhi,1,Delhi,7,West Delhi,649,Paschim Vihar,,,110063
684,St. Matthew's Public School,1,India,1,Delhi,1,Delhi,7,West Delhi,649,Paschim Vihar,,,110063
683,"Adarsh Public School, Vikaspuri",1,India,1,Delhi,1,Delhi,7,West Delhi,667,Vikas Puri,,,110018
682,St. Francis De Sales Senior Secondary School,1,India,1,Delhi,1,Delhi,7,West Delhi,627,Janakpuri C-4,,,110058
681,"K.R. Mangalam World School, Paschim Vihar",1,India,1,Delhi,1,Delhi,7,West Delhi,649,Paschim Vihar,,,110063
325,"Mothers' Mount Global School, Vikaspuri",1,India,1,Delhi,1,Delhi,7,West Delhi,667,Vikas Puri,,,110018
324,Vishv Manav Hanuman Saraswati Shishu Mandir,1,India,1,Delhi,1,Delhi,9,North West Delhi,811,Narela,,,110040
313,Little Noddy International Play School,1,India,1,Delhi,1,Delhi,8,South Delhi,701,Jamia Nagar,,,110025
302,Shiv Modern Sr. Sec. School,1,India,1,Delhi,1,Delhi,7,West Delhi,649,Paschim Vihar,,,110063
294,"Daisy Dales International, Vikaspuri",1,India,1,Delhi,1,Delhi,7,West Delhi,667,Vikas Puri,,,110018
281,Tagore Sr. Sec. School,1,India,1,Delhi,1,Delhi,17,South West Delhi,3271,Mayapuri,,,110064
279,"St. Mary's Senior Secondary School, Paschim Vihar",1,India,1,Delhi,1,Delhi,7,West Delhi,650,Paschim Vihar B Block,,,110087
267,"Mother's Mount, Paschim Vihar",1,India,1,Delhi,1,Delhi,7,West Delhi,649,Paschim Vihar,,,110063
260,St. Peter's Convent,1,India,1,Delhi,1,Delhi,7,West Delhi,667,Vikas Puri,,,110018
259,Jhabban Lal DAV Public School,1,India,1,Delhi,1,Delhi,7,West Delhi,649,Paschim Vihar,,,110063
255,Bindu Batra's- Mothers' Mount Pre-School,1,India,1,Delhi,1,Delhi,7,West Delhi,652,Punjabi Bagh,,,110026
254,"Kamal Public Sr. Sec. School, Vikaspuri",1,India,1,Delhi,1,Delhi,7,West Delhi,667,Vikas Puri,,,110018
1839,Dps,1,India,1,Delhi,1,Delhi,8,South Delhi,737,South Malviya Nagar,,,110017
1830,Delhi Public School,1,India,1,Delhi,1,Delhi,17,South West Delhi,3285,Nasirpur,,,110045
1826,manav bharti public school,1,India,1,Delhi,1,Delhi,8,South Delhi,737,South Malviya Nagar,,,110017
1817,Mohammed Ayan,1,India,1,Delhi,1,Delhi,17,South West Delhi,3276,Munirka,,,110037
1800,aliza malik,1,India,1,Delhi,1,Delhi,8,South Delhi,737,South Malviya Nagar,,,110017
1796,Samrat J Chandel,1,India,1,Delhi,1,Delhi,8,South Delhi,727,Pushp Vihar,,,110062
1795,Birla vidya niketan,1,India,1,Delhi,1,Delhi,8,South Delhi,727,Pushp Vihar,,,110017
1792,sachool of excellence,1,India,1,Delhi,1,Delhi,8,South Delhi,712,Madanpur Khadar,,,110076
1786,Dav Vasant kunj,1,India,1,Delhi,1,Delhi,17,South West Delhi,3328,Sultanpur,,,110030
1742,Shreyansh,1,India,1,Delhi,1,Delhi,17,South West Delhi,3300,R K Puram (Main),,,110066
1698,"Bloom Public School, Sector 6",1,India,1,Delhi,1,Delhi,17,South West Delhi,3335,Vasant Kunj,,,110070
1697,Chinmaya Vidyalaya,1,India,1,Delhi,1,Delhi,17,South West Delhi,3335,Vasant Kunj,,,110070
1696,"Apeejay School, Sheikh Sarai",1,India,1,Delhi,1,Delhi,8,South Delhi,723,Panchsheel Park,,,110017
1695,"Mount Carmel School,Anand Niketan",1,India,1,Delhi,1,Delhi,17,South West Delhi,3198,Anand Niketan,,,110021
1639,"Amity International School, Saket",1,India,1,Delhi,1,Delhi,8,South Delhi,732,Saket (South Delhi),,,110017
1636,"Guru Harkrishan Public School, Vasant Vihar",1,India,1,Delhi,1,Delhi,17,South West Delhi,3337,Vasant Vihar-1,,,110057
1635,"G.D. Goenka Public School, Sarita Vihar",1,India,1,Delhi,1,Delhi,8,South Delhi,735,Sarita Vihar,,,110076
1634,Don Bosco School,1,India,1,Delhi,1,Delhi,8,South Delhi,672,Alaknanda,,,110019
1633,"Daisy Dales Sr. Secondary School, East of Kailash",1,India,1,Delhi,1,Delhi,8,South Delhi,690,East Of Kailash,,,110065
1632,"Cambridge School, Srinivaspuri",1,India,1,Delhi,1,Delhi,8,South Delhi,738,Sriniwaspuri,,,110065
1631,"Bhatnagar International School,Vasant Kunj",1,India,1,Delhi,1,Delhi,17,South West Delhi,3335,Vasant Kunj,,,110070
1630,Ambience Public School,1,India,1,Delhi,1,Delhi,17,South West Delhi,3316,Safdarjung Enclave,,,110029
1629,"Summer Fields School, Greater Kailash",1,India,1,Delhi,1,Delhi,19,South East Delhi,3370,Greater Kailash,,,110048
1628,"Poorna Prajna Public School, Vasant Kunj",1,India,1,Delhi,1,Delhi,17,South West Delhi,3335,Vasant Kunj,,,110070
1627,"K.R. Mangalam World School, Chittaranjan Park",1,India,1,Delhi,1,Delhi,19,South East Delhi,3372,Greater Kailash 2,,,110048
1624,G D Goenka Public School,1,India,1,Delhi,1,Delhi,17,South West Delhi,3335,Vasant Kunj,,,110070
1623,"Delhi Public School,RK Puram",1,India,1,Delhi,1,Delhi,17,South West Delhi,3302,R K Puram Sect-12,,,110022
1622,"DAV Public School, Vasant Kunj",1,India,1,Delhi,1,Delhi,17,South West Delhi,3335,Vasant Kunj,,,110070
1621,BlueBells School International,1,India,1,Delhi,1,Delhi,8,South Delhi,704,Kailash Colony,,,110048
1619,"The Shri Ram School, Vasant Vihar",1,India,1,Delhi,1,Delhi,17,South West Delhi,3337,Vasant Vihar-1,,,110057
1618,"The Heritage School, Vasant Kunj",1,India,1,Delhi,1,Delhi,17,South West Delhi,3335,Vasant Kunj,,,110070
1617,The Frank Anthony Public School,1,India,1,Delhi,1,Delhi,8,South Delhi,709,Lajpat Nagar (South Delhi),,,110024
1616,"Tagore International School, Vasant Vihar",1,India,1,Delhi,1,Delhi,17,South West Delhi,3337,Vasant Vihar-1,,,110057
1615,"Tagore International School, East of Kailash",1,India,1,Delhi,1,Delhi,8,South Delhi,690,East Of Kailash,,,110065
1614,"Ryan International School,Vasant Kunj",1,India,1,Delhi,1,Delhi,17,South West Delhi,3335,Vasant Kunj,,,110070
1613,"Ramjas School, RK Puram",1,India,1,Delhi,1,Delhi,17,South West Delhi,3304,R K Puram Sect-4,,,110022
1611,"Modern School, Vasant Vihar",1,India,1,Delhi,1,Delhi,17,South West Delhi,3337,Vasant Vihar-1,,,110057
1610,"Delhi Public School,Vasant Kunj",1,India,1,Delhi,1,Delhi,17,South West Delhi,3335,Vasant Kunj,,,110070
1607,Vasant Valley School,1,India,1,Delhi,1,Delhi,17,South West Delhi,3335,Vasant Kunj,,,110070
1604,St. Joseph's School,1,India,1,Delhi,1,Delhi,18,Shahdara,3364,SavitaVihar,,,110092
1603,"St. George School, Alaknanda",1,India,1,Delhi,1,Delhi,8,South Delhi,672,Alaknanda,,,110019
1602,"Kalka Public School, Kalkaji",1,India,1,Delhi,1,Delhi,8,South Delhi,672,Alaknanda,,,110019
1559,Lucknow Public School,1,India,1,Delhi,1,Delhi,8,South Delhi,733,Sangam Vihar,,,110080
655,"Prince Public School, Mehrauli",1,India,1,Delhi,1,Delhi,17,South West Delhi,3272,Mehrauli,,,110030
653,Hari Vidya Bhawan Senior Secondary School,1,India,1,Delhi,1,Delhi,8,South Delhi,733,Sangam Vihar,,,110062
651,General Raj's School,1,India,1,Delhi,1,Delhi,17,South West Delhi,3241,Hauz Khas,,,110016